user_lat,user_lon
-34.92239153,138.6082476
-33.72881132,150.9777785
-33.73063568,150.9782388
